experiment_type,experiment_name,experiment_size,experiment_length_in_minutes,num_of_frames,frames_frequency (sec),num_of_arcos_events,community_id,additional_communities,community_size,event_cells,event_start_cell,event_end_cell,event_length_in_seconds,activated_cells,info_spread_rate (avg between 2 adjacent cells) - cells per second
mid_third_wild_type,sample_7,44,41.84,600,4.184,33,0,[],3,[ 2  7 16],[2],[7],29.288,3,0.9046446654960012
mid_third_wild_type,sample_7,44,41.84,600,4.184,33,1,[],3,[ 4  6 17],[4],[4],33.472,3,1.581909235119304
mid_third_wild_type,sample_7,44,41.84,600,4.184,33,2,[],3,[ 8  9 26],[8],[26],25.104,3,0.7252787692963101
mid_third_wild_type,sample_7,44,41.84,600,4.184,33,3,[],3,[11 23 33],[11],[23],50.208,3,0.6186862487957266
mid_third_wild_type,sample_7,44,41.84,600,4.184,33,4,[],4,[ 8  9 19 35],[19],[9],66.944,6,0.7204192493106902
mid_third_wild_type,sample_7,44,41.84,600,4.184,33,5,[],3,[ 2 16 18],[16],[18],50.208,3,0.6031807382193141
mid_third_wild_type,sample_7,44,41.84,600,4.184,33,6,[],3,[20 21 22],[20],[20 21],29.288,3,1.6314179702352707
mid_third_wild_type,sample_7,44,41.84,600,4.184,33,7,[],5,[19 25 26 27 28],[19],[27],92.048,5,0.8717925641513489
mid_third_wild_type,sample_7,44,41.84,600,4.184,33,8,[],3,[ 7 16 18],[7],[18],41.84,3,0.7910375644265143
mid_third_wild_type,sample_7,44,41.84,600,4.184,33,9,[],3,[19 27 30],[27 30],[27 30],25.104,3,2.522384067585435
mid_third_wild_type,sample_7,44,41.84,600,4.184,33,10,[],6,[19 25 26 27 33 43],[26 27],[43],58.576,10,2.099165846433206
mid_third_wild_type,sample_7,44,41.84,600,4.184,33,11,[],4,[10 22 24 34],[34],[24],62.760000000000005,4,0.7217323608462447
mid_third_wild_type,sample_7,44,41.84,600,4.184,33,12,[],3,[ 8  9 35],[35],[9],54.392,3,0.24383355369859305
mid_third_wild_type,sample_7,44,41.84,600,4.184,33,13,[],5,[ 7 11 18 23 39],[23],[11],83.68,5,1.601962010779954
mid_third_wild_type,sample_7,44,41.84,600,4.184,33,14,[],5,[19 20 21 24 41],[41],[20 21],79.49600000000001,5,0.9445755127309922
mid_third_wild_type,sample_7,44,41.84,600,4.184,33,15,[],3,[11 28 43],[11],[43],62.760000000000005,3,0.3278808443065451
mid_third_wild_type,sample_7,44,41.84,600,4.184,33,16,[],6,[ 8  9 19 25 26 35],[35],[9],58.576,8,1.008758499902355
mid_third_wild_type,sample_7,44,41.84,600,4.184,33,17,[],6,[11 26 27 28 30 39],[11],[39],83.68,7,1.0210108324791627
mid_third_wild_type,sample_7,44,41.84,600,4.184,33,18,[],6,[ 8  9 19 23 33 35],[ 8 19],[33],66.944,9,1.3643702377328621
mid_third_wild_type,sample_7,44,41.84,600,4.184,33,19,[],3,[ 5 12 14],[12],[14],71.128,3,0.6773982853445213
mid_third_wild_type,sample_7,44,41.84,600,4.184,33,20,[],4,[11 28 29 39],[29],[11 39],54.392,4,0.3952164970509655
mid_third_wild_type,sample_7,44,41.84,600,4.184,33,21,[],3,[ 5 12 37],[37],[5],41.84,3,0.4914191017717351
mid_third_wild_type,sample_7,44,41.84,600,4.184,33,22,[],7,[11 25 26 28 35 41 43],[25],[43],154.808,8,0.7380274925814856
mid_third_wild_type,sample_7,44,41.84,600,4.184,33,23,[],3,[ 7 38 42],[38],[42],54.392,3,4.597306566089809
mid_third_wild_type,sample_7,44,41.84,600,4.184,33,24,[],3,[ 5 12 32],[12],[32],46.024,3,0.44231932500688353
mid_third_wild_type,sample_7,44,41.84,600,4.184,33,25,[],7,[ 8  9 11 23 25 26 39],[8],[23],121.336,7,0.7092037377996211
mid_third_wild_type,sample_7,44,41.84,600,4.184,33,26,[],4,[ 8  9 19 24],[24],[24],20.92,4,2.1277719627113743
mid_third_wild_type,sample_7,44,41.84,600,4.184,33,27,[],12,[ 7  8  9 11 19 23 24 25 26 30 35 39],[25],[25],196.648,15,1.0541027358160744
mid_third_wild_type,sample_7,44,41.84,600,4.184,33,28,[],3,[12 14 31],[14],[12],83.68,3,0.8540770901758467
mid_third_wild_type,sample_7,44,41.84,600,4.184,33,29,[],4,[ 8  9 19 33],[ 8 19],[33],41.84,4,1.6397024679527947
mid_third_wild_type,sample_7,44,41.84,600,4.184,33,30,[],8,[ 7 11 24 28 29 33 39 41],[29],[11],92.048,9,2.631629589370064
mid_third_wild_type,sample_7,44,41.84,600,4.184,33,31,[],5,[23 25 29 30 42],[29],[30 42],62.760000000000005,5,1.54132398769507
mid_third_wild_type,sample_7,44,41.84,600,4.184,33,32,[],3,[ 8  9 19],[9],[ 8  9 19],25.104,3,1.845946514488273
mid_third_wild_type,sample_6,108,27.311666666666667,700,2.341,57,0,[],3,[0 1 2],[0],[2],25.751,3,1.2999647612142242
mid_third_wild_type,sample_6,108,27.311666666666667,700,2.341,57,1,[],3,[ 7  8 87],[ 7 87],[8],28.092000000000002,3,0.6811405608486926
mid_third_wild_type,sample_6,108,27.311666666666667,700,2.341,57,2,[],6,[ 0  1  5 16 17 18],[16],[0 1],49.161,6,0.9734517831742598
mid_third_wild_type,sample_6,108,27.311666666666667,700,2.341,57,3,[],13,[ 0  1  2  4 13 15 17 21 22 23 25 26 64],[21],[ 0 17],86.617,16,2.0129177655768564
mid_third_wild_type,sample_6,108,27.311666666666667,700,2.341,57,4,[],3,[ 3 27 28],[27 28],[3],21.069000000000003,3,1.0058342918358627
mid_third_wild_type,sample_6,108,27.311666666666667,700,2.341,57,5,[],4,[ 9 24 34 45],[45],[24],60.86600000000001,4,0.4678030698633488
mid_third_wild_type,sample_6,108,27.311666666666667,700,2.341,57,6,[],10,[ 0  1  4 13 17 18 22 23 26 99],[23],[26],95.98100000000001,11,1.2997826231711453
mid_third_wild_type,sample_6,108,27.311666666666667,700,2.341,57,7,[],5,[ 7  8 27 42 87],[8],[42],30.433000000000003,5,2.42841416015836
mid_third_wild_type,sample_6,108,27.311666666666667,700,2.341,57,8,[],3,[12 13 17],[17],[12],32.774,3,0.5680096658490043
mid_third_wild_type,sample_6,108,27.311666666666667,700,2.341,57,9,[],3,[30 43 44],[43],[30],32.774,3,0.5062276590907685
mid_third_wild_type,sample_6,108,27.311666666666667,700,2.341,57,10,[],5,[24 29 45 46 85],[45],[85],37.456,6,1.2878253372606938
mid_third_wild_type,sample_6,108,27.311666666666667,700,2.341,57,11,[],8,[ 0  1  2 15 17 18 22 25],[2],[17 18],53.843,8,1.0840985143763675
mid_third_wild_type,sample_6,108,27.311666666666667,700,2.341,57,12,[],7,[ 4 18 21 22 25 26 35],[21],[18],56.184000000000005,7,1.7961613218621626
mid_third_wild_type,sample_6,108,27.311666666666667,700,2.341,57,13,[],7,[  6  29  31  50  54  79 106],[29 50],[ 54 106],44.479000000000006,7,1.7631070135754032
mid_third_wild_type,sample_6,108,27.311666666666667,700,2.341,57,14,[],3,[14 30 43],[30],[14],25.751,3,1.6322302513401281
mid_third_wild_type,sample_6,108,27.311666666666667,700,2.341,57,15,[],6,[ 5 27 28 56 58 59],[27],[ 5 59],67.88900000000001,6,2.231292828228938
mid_third_wild_type,sample_6,108,27.311666666666667,700,2.341,57,16,[],14,[ 0  1  2  4  5 12 13 17 18 25 62 82 83 99],[13],[99],147.483,18,1.5681169924049723
mid_third_wild_type,sample_6,108,27.311666666666667,700,2.341,57,17,[],6,[24 45 46 55 60 61],[45 55],[60 61],56.184000000000005,6,0.7755566951796846
mid_third_wild_type,sample_6,108,27.311666666666667,700,2.341,57,18,[],3,[33 48 84],[33],[84],30.433000000000003,4,2.6855581355872835
mid_third_wild_type,sample_6,108,27.311666666666667,700,2.341,57,19,[],3,[32 67 68],[32],[68],28.092000000000002,3,1.5322110665097546
mid_third_wild_type,sample_6,108,27.311666666666667,700,2.341,57,20,[],7,[24 29 37 45 55 72 73],[37],[24],39.797000000000004,9,1.8667003583157864
mid_third_wild_type,sample_6,108,27.311666666666667,700,2.341,57,21,[],4,[15 21 22 90],[21],[90],35.115,4,0.6920183614785406
mid_third_wild_type,sample_6,108,27.311666666666667,700,2.341,57,22,[],13,[  3  27  54  56  58  59  74  75  76  77  79  80 106],[74],[80],44.479000000000006,13,5.759193927964726
mid_third_wild_type,sample_6,108,27.311666666666667,700,2.341,57,23,[],3,[35 68 81],[68],[35],18.728,3,0.8034999086822971
mid_third_wild_type,sample_6,108,27.311666666666667,700,2.341,57,24,[],4,[24 29 55 85],[29],[85],39.797000000000004,4,0.328656966547005
mid_third_wild_type,sample_6,108,27.311666666666667,700,2.341,57,25,[],9,[24 31 37 45 60 61 72 78 79],[79],[60],93.64000000000001,14,2.608732491570325
mid_third_wild_type,sample_6,108,27.311666666666667,700,2.341,57,26,[],4,[ 0  1 17 23],[17],[23],42.138000000000005,4,1.3544754611802106
mid_third_wild_type,sample_6,108,27.311666666666667,700,2.341,57,27,[],5,[ 5 17 28 56 87],[56],[17 87],35.115,5,5.507317324359276
mid_third_wild_type,sample_6,108,27.311666666666667,700,2.341,57,28,[],3,[ 10  86 105],[ 10  86 105],[10],28.092000000000002,3,0.0
mid_third_wild_type,sample_6,108,27.311666666666667,700,2.341,57,29,[],4,[ 0  1  4 22],[22],[0 1],32.774,4,0.9714569508987169
mid_third_wild_type,sample_6,108,27.311666666666667,700,2.341,57,30,[],10,[24 27 31 42 45 54 74 75 76 87],[42],[45],93.64000000000001,11,3.2354398984363515
mid_third_wild_type,sample_6,108,27.311666666666667,700,2.341,57,31,[],5,[ 29  30  37 104 106],[37],[30],49.161,5,2.108955144265232
mid_third_wild_type,sample_6,108,27.311666666666667,700,2.341,57,32,[],4,[56 62 90 99],[90],[56],32.774,4,4.505307693272295
mid_third_wild_type,sample_6,108,27.311666666666667,700,2.341,57,33,[],4,[ 4  5 17 25],[25],[25],21.069000000000003,4,2.6747771605853985
mid_third_wild_type,sample_6,108,27.311666666666667,700,2.341,57,34,[],3,[60 61 79],[79],[60 61],14.046000000000001,3,4.145747054549682
mid_third_wild_type,sample_6,108,27.311666666666667,700,2.341,57,35,[],6,[ 2  4 22 62 63 99],[62],[2],39.797000000000004,6,1.8693526845468065
mid_third_wild_type,sample_6,108,27.311666666666667,700,2.341,57,36,[],7,[27 41 66 74 76 87 95],[66],[87],84.27600000000001,8,1.8511206490221703
mid_third_wild_type,sample_6,108,27.311666666666667,700,2.341,57,37,[],8,[ 3  6 28 31 50 55 59 85],[ 6 50],[59],67.88900000000001,9,2.093354323889522
mid_third_wild_type,sample_6,108,27.311666666666667,700,2.341,57,38,[],7,[ 37  43  44  72  91  92 104],[37],[44],39.797000000000004,8,4.349183843402321
mid_third_wild_type,sample_6,108,27.311666666666667,700,2.341,57,39,[],3,[20 51 64],[64],[20],21.069000000000003,3,0.876282902661992
mid_third_wild_type,sample_6,108,27.311666666666667,700,2.341,57,40,[],12,[ 30  33  37  45  48  54  60  61  72  74  84 106],[33],[60 61],98.322,13,2.5614826345429766
mid_third_wild_type,sample_6,108,27.311666666666667,700,2.341,57,41,[],5,[ 6 24 31 50 55],[24],[50],49.161,5,0.8453989431546359
mid_third_wild_type,sample_6,108,27.311666666666667,700,2.341,57,42,[],4,[ 4  5 17 18],[5],[4],42.138000000000005,5,1.6948189547244144
mid_third_wild_type,sample_6,108,27.311666666666667,700,2.341,57,43,[],8,[15 22 26 35 62 65 68 99],[15 22 26],[68],58.525000000000006,9,1.3876961788348325
mid_third_wild_type,sample_6,108,27.311666666666667,700,2.341,57,44,[],5,[41 53 66 76 96],[76],[41],58.525000000000006,5,2.7877740006046077
mid_third_wild_type,sample_6,108,27.311666666666667,700,2.341,57,45,[],4,[30 33 48 84],[84],[48],35.115,4,0.848225926229523
mid_third_wild_type,sample_6,108,27.311666666666667,700,2.341,57,46,[],3,[63 97 98],[63],[63 98],28.092000000000002,3,1.4646636812752105
mid_third_wild_type,sample_6,108,27.311666666666667,700,2.341,57,47,[],9,[ 14  30  33  43  44  48  57  84 101],[14],[57],79.59400000000001,9,0.8891981683236423
mid_third_wild_type,sample_6,108,27.311666666666667,700,2.341,57,48,[],7,[ 24  31  55  60  61  79 104],[104],[31 79],63.20700000000001,7,1.613262793270085
mid_third_wild_type,sample_6,108,27.311666666666667,700,2.341,57,49,[],4,[ 39 100 102 105],[ 39 105],[102],49.161,5,0.954469224123789
mid_third_wild_type,sample_6,108,27.311666666666667,700,2.341,57,50,[],3,[ 4 22 99],[22],[99],18.728,3,6.481178562545465
mid_third_wild_type,sample_6,108,27.311666666666667,700,2.341,57,51,[],4,[ 78  91  92 104],[78],[104],49.161,4,1.9878231676507772
mid_third_wild_type,sample_6,108,27.311666666666667,700,2.341,57,52,[],5,[ 7 35 65 81 87],[81],[7],35.115,5,2.264730353256407
mid_third_wild_type,sample_6,108,27.311666666666667,700,2.341,57,53,[],4,[21 35 65 90],[90],[65],39.797000000000004,4,2.7106100352501
mid_third_wild_type,sample_6,108,27.311666666666667,700,2.341,57,54,[],5,[24 29 45 60 61],[45],[61],44.479000000000006,5,1.252635200922641
mid_third_wild_type,sample_6,108,27.311666666666667,700,2.341,57,55,[],3,[41 76 87],[76],[87],58.525000000000006,3,0.39141985088660636
mid_third_wild_type,sample_6,108,27.311666666666667,700,2.341,57,56,[],4,[ 14  57 101 107],[57],[101],28.092000000000002,4,1.6570893783169847
mid_third_wild_type,sample_4,55,56.416666666666664,500,6.77,10,0,[],3,[3 7 8],[3],[7],33.849999999999994,3,0.995477136897071
mid_third_wild_type,sample_4,55,56.416666666666664,500,6.77,10,1,[],4,[19 33 40 41],[19],[33],33.849999999999994,4,2.069906333170228
mid_third_wild_type,sample_4,55,56.416666666666664,500,6.77,10,2,[],6,[19 23 24 28 33 41],[19],[24],54.16,6,1.5269224417242584
mid_third_wild_type,sample_4,55,56.416666666666664,500,6.77,10,3,[],3,[23 28 40],[28],[40],54.16,3,0.6035478438538598
mid_third_wild_type,sample_4,55,56.416666666666664,500,6.77,10,4,[],3,[26 30 44],[30 44],[26],40.62,3,0.13928011355182585
mid_third_wild_type,sample_4,55,56.416666666666664,500,6.77,10,5,[],3,[19 28 41],[19],[28],33.849999999999994,3,0.9601548164454841
mid_third_wild_type,sample_4,55,56.416666666666664,500,6.77,10,6,[],3,[ 4  5 36],[ 4 36],[5],47.39,3,0.1551903844352832
mid_third_wild_type,sample_4,55,56.416666666666664,500,6.77,10,7,[],3,[23 40 50],[50],[23 40],33.849999999999994,3,0.5184878766780435
mid_third_wild_type,sample_4,55,56.416666666666664,500,6.77,10,8,[],3,[47 48 49],[48],[49],47.39,3,1.398370210800996
mid_third_wild_type,sample_4,55,56.416666666666664,500,6.77,10,9,[],4,[23 28 40 41],[23 28 40],[41],33.849999999999994,4,0.22079709588509075
mid_third_wild_type,sample_5,39,40.599999999999994,600,4.06,9,0,[],4,[0 1 2 3],[0],[2],89.32,4,0.5262814168213293
mid_third_wild_type,sample_5,39,40.599999999999994,600,4.06,9,1,[],3,[ 2  3 18],[ 2  3 18],[2],28.419999999999998,3,0.0
mid_third_wild_type,sample_5,39,40.599999999999994,600,4.06,9,2,[],3,[12 16 17],[16],[12],77.13999999999999,3,0.4073414688610637
mid_third_wild_type,sample_5,39,40.599999999999994,600,4.06,9,3,[],3,[23 24 33],[23 24],[33],64.96,3,0.3750226167571824
mid_third_wild_type,sample_5,39,40.599999999999994,600,4.06,9,4,[],4,[12 16 17 34],[12],[34],64.96,4,0.6884795229010061
mid_third_wild_type,sample_5,39,40.599999999999994,600,4.06,9,5,[],3,[ 9 25 37],[37],[37],44.66,3,2.5170865831596627
mid_third_wild_type,sample_5,39,40.599999999999994,600,4.06,9,6,[],3,[12 16 17],[17],[12],64.96,3,0.9713460061929109
mid_third_wild_type,sample_5,39,40.599999999999994,600,4.06,9,7,[],3,[19 24 36],[19 36],[24],60.89999999999999,3,0.1361383709134628
mid_third_wild_type,sample_5,39,40.599999999999994,600,4.06,9,8,[],3,[25 33 37],[37],[33],85.25999999999999,3,0.4846838394122799
mid_third_wild_type,sample_1,43,44.75833333333333,500,5.371,12,0,[],5,[ 2  3  4  5 33],[2],[4 5],42.968,5,1.248936976129755
mid_third_wild_type,sample_1,43,44.75833333333333,500,5.371,12,1,[],3,[11 13 25],[11 13 25],[11 13],21.484,3,0.0
mid_third_wild_type,sample_1,43,44.75833333333333,500,5.371,12,2,[],3,[13 17 20],[17],[20],37.597,3,1.0283069011653132
mid_third_wild_type,sample_1,43,44.75833333333333,500,5.371,12,3,[],4,[11 12 13 26],[11 13 26],[12],26.855000000000004,4,0.5385952130000782
mid_third_wild_type,sample_1,43,44.75833333333333,500,5.371,12,4,[],5,[11 13 22 25 26],[22],[11 13 26],32.226,5,0.5301051251309429
mid_third_wild_type,sample_1,43,44.75833333333333,500,5.371,12,5,[],4,[11 13 25 26],[25 26],[26],32.226,4,1.3764902307466929
mid_third_wild_type,sample_1,43,44.75833333333333,500,5.371,12,6,[],4,[12 13 26 38],[38],[13],64.452,4,0.7282358638260623
mid_third_wild_type,sample_1,43,44.75833333333333,500,5.371,12,7,[],10,[ 1 11 12 15 16 20 25 26 34 38],[11 25 26],[20],107.42000000000002,10,1.2923718083009883
mid_third_wild_type,sample_1,43,44.75833333333333,500,5.371,12,8,[],4,[11 25 26 34],[25],[25],26.855000000000004,4,1.6061527881311501
mid_third_wild_type,sample_1,43,44.75833333333333,500,5.371,12,9,[],3,[15 16 20],[16],[16],37.597,4,0.6490024739921131
mid_third_wild_type,sample_1,43,44.75833333333333,500,5.371,12,10,[],4,[11 16 25 26],[11 25 26],[16],26.855000000000004,4,1.1483355519327412
mid_third_wild_type,sample_1,43,44.75833333333333,500,5.371,12,11,[],4,[24 30 34 35],[24],[35],48.339000000000006,4,0.7846531364401755
mid_third_wild_type,sample_2,45,26.139999999999997,600,2.614,17,0,[],5,[ 8 10 11 12 42],[ 8 42],[11],39.21,6,0.9212903762346117
mid_third_wild_type,sample_2,45,26.139999999999997,600,2.614,17,1,[],4,[ 7 13 27 36],[7],[36],26.14,5,4.449226791350061
mid_third_wild_type,sample_2,45,26.139999999999997,600,2.614,17,2,[],5,[ 6 17 38 39 41],[17],[39],57.507999999999996,6,0.8266695806727233
mid_third_wild_type,sample_2,45,26.139999999999997,600,2.614,17,3,[],3,[ 7 14 15],[7],[7],33.982,4,0.7154377912058245
mid_third_wild_type,sample_2,45,26.139999999999997,600,2.614,17,4,[],4,[ 8  9 33 42],[33],[8],23.526,4,1.8537279430402196
mid_third_wild_type,sample_2,45,26.139999999999997,600,2.614,17,5,[],3,[ 0 19 34],[34],[19],44.437999999999995,3,0.5539304844682746
mid_third_wild_type,sample_2,45,26.139999999999997,600,2.614,17,6,[],3,[10 11 22],[22],[11],18.298,3,1.2869328362585568
mid_third_wild_type,sample_2,45,26.139999999999997,600,2.614,17,7,[],3,[13 36 41],[41],[36 41],49.666,6,0.29849822072218124
mid_third_wild_type,sample_2,45,26.139999999999997,600,2.614,17,8,[],3,[13 27 41],[41],[13],18.298,3,1.1663305225952594
mid_third_wild_type,sample_2,45,26.139999999999997,600,2.614,17,9,[],3,[ 8  9 42],[ 8 42],[ 8  9 42],13.07,3,1.4068957100620565
mid_third_wild_type,sample_2,45,26.139999999999997,600,2.614,17,10,[],4,[ 0  1  6 26],[6],[0],41.824,5,1.2450548908915406
mid_third_wild_type,sample_2,45,26.139999999999997,600,2.614,17,11,[],6,[14 15 31 36 41 42],[31],[15],33.982,6,3.2287825893721847
mid_third_wild_type,sample_2,45,26.139999999999997,600,2.614,17,12,[],5,[ 8 10 11 22 33],[11],[10],47.052,5,1.0140399084104381
mid_third_wild_type,sample_2,45,26.139999999999997,600,2.614,17,13,[],4,[ 7 27 28 36],[7],[28 36],41.824,6,1.5572595160895826
mid_third_wild_type,sample_2,45,26.139999999999997,600,2.614,17,14,[],3,[ 8  9 42],[9],[ 8 42],13.07,3,2.749706533246192
mid_third_wild_type,sample_2,45,26.139999999999997,600,2.614,17,15,[],3,[26 34 35],[34],[26],28.753999999999998,3,1.0889095078666542
mid_third_wild_type,sample_2,45,26.139999999999997,600,2.614,17,16,[],5,[ 8  9 10 22 42],[ 8  9 42],[10],33.982,5,2.669205269601199
mid_third_wild_type,sample_3,95,25.689999999999998,600,2.569,11,0,[],3,[ 3 26 27],[3],[26 27],23.121,3,2.351945348687915
mid_third_wild_type,sample_3,95,25.689999999999998,600,2.569,11,1,[],3,[ 6 22 23],[22],[6],25.689999999999998,3,3.0251917874108125
mid_third_wild_type,sample_3,95,25.689999999999998,600,2.569,11,2,[],3,[ 4 17 50],[17],[4],28.259,3,0.5820114145043249
mid_third_wild_type,sample_3,95,25.689999999999998,600,2.569,11,3,[],3,[51 52 53],[51],[53],23.121,3,1.2916459562973186
mid_third_wild_type,sample_3,95,25.689999999999998,600,2.569,11,4,[],3,[ 8 36 60],[8],[60],23.121,3,0.7502915643075461
mid_third_wild_type,sample_3,95,25.689999999999998,600,2.569,11,5,[],3,[11 71 73],[11],[73],28.259,3,0.8633691628056356
mid_third_wild_type,sample_3,95,25.689999999999998,600,2.569,11,6,[],3,[28 51 52],[28],[51 52],17.983,3,1.204299717453535
mid_third_wild_type,sample_3,95,25.689999999999998,600,2.569,11,7,[],3,[40 56 81],[40 81],[81],20.552,3,1.7219201329915295
mid_third_wild_type,sample_3,95,25.689999999999998,600,2.569,11,8,[],4,[ 9 46 47 56],[56],[46 47],25.689999999999998,4,1.3778166290390874
mid_third_wild_type,sample_3,95,25.689999999999998,600,2.569,11,9,[],3,[13 14 88],[14],[13 88],15.414,3,1.9338706269523467
mid_third_wild_type,sample_3,95,25.689999999999998,600,2.569,11,10,[],3,[22 90 93],[93],[22],15.414,3,1.0065243134991024
mid_third_wild_type,sample_12,30,42.0552,528,4.779,5,0,[],3,[ 4 15 27],[ 4 15 27],[4],19.116,3,0.0
mid_third_wild_type,sample_12,30,42.0552,528,4.779,5,1,[],3,[11 12 24],[11 12],[24],28.674,3,0.49130997006983856
mid_third_wild_type,sample_12,30,42.0552,528,4.779,5,2,[],3,[11 12 24],[12],[24],52.569,3,0.6963945206603847
mid_third_wild_type,sample_12,30,42.0552,528,4.779,5,3,[],4,[11 12 24 28],[12],[28],62.126999999999995,4,0.6811298075102585
mid_third_wild_type,sample_12,30,42.0552,528,4.779,5,4,[],3,[ 7 17 27],[17],[ 7 27],28.674,3,1.9787629867163106
mid_third_wild_type,sample_10,104,49.74,600,4.974,44,0,[],3,[ 0 37 38],[37],[0],39.792,3,0.4987903157516414
mid_third_wild_type,sample_10,104,49.74,600,4.974,44,1,[],3,[ 0 25 46],[ 0 46],[25],19.896,3,0.7467224329563935
mid_third_wild_type,sample_10,104,49.74,600,4.974,44,2,[],3,[39 51 53],[51],[53],39.792,3,0.9301179848641914
mid_third_wild_type,sample_10,104,49.74,600,4.974,44,3,[],3,[18 36 47],[47],[36],54.714,3,0.20497927319474205
mid_third_wild_type,sample_10,104,49.74,600,4.974,44,4,[],4,[20 23 60 62],[23],[20],94.506,5,0.5704373324596158
mid_third_wild_type,sample_10,104,49.74,600,4.974,44,5,[],5,[19 21 22 43 64],[22],[21],89.53200000000001,7,0.6581394026200291
mid_third_wild_type,sample_10,104,49.74,600,4.974,44,6,[],5,[26 39 51 61 63],[61],[39],44.766000000000005,5,3.469944594126236
mid_third_wild_type,sample_10,104,49.74,600,4.974,44,7,[],5,[11 16 35 36 77],[11],[35],69.636,5,0.7410016888494779
mid_third_wild_type,sample_10,104,49.74,600,4.974,44,8,[],5,[ 2 12 38 50 55],[50],[38],39.792,5,1.6100783127610723
mid_third_wild_type,sample_10,104,49.74,600,4.974,44,9,[],3,[ 7  8 66],[66],[7],29.844,3,0.6539497220802356
mid_third_wild_type,sample_10,104,49.74,600,4.974,44,10,[],3,[54 59 68],[54],[59],34.818,3,1.0431594281266925
mid_third_wild_type,sample_10,104,49.74,600,4.974,44,11,[],11,[ 3 16 18 26 31 33 35 36 47 77 78],[31],[ 3 33],159.168,16,0.6874645322266387
mid_third_wild_type,sample_10,104,49.74,600,4.974,44,12,[],7,[ 4 17 19 31 60 62 72],[60],[17],49.74,7,1.0323265330303217
mid_third_wild_type,sample_10,104,49.74,600,4.974,44,13,[],5,[ 0 37 50 56 71],[37],[71],59.688,5,0.6603592326262394
mid_third_wild_type,sample_10,104,49.74,600,4.974,44,14,[],5,[39 51 53 76 99],[51 99],[99],69.636,7,0.7400767922612512
mid_third_wild_type,sample_10,104,49.74,600,4.974,44,15,[],3,[29 40 61],[61],[29 40],24.87,3,1.7870807516554996
mid_third_wild_type,sample_10,104,49.74,600,4.974,44,16,[],3,[45 49 66],[45],[49 66],29.844,3,0.5655933636912508
mid_third_wild_type,sample_10,104,49.74,600,4.974,44,17,[],4,[ 4 26 29 80],[26],[4],54.714,4,0.565932346468542
mid_third_wild_type,sample_10,104,49.74,600,4.974,44,18,[],6,[39 51 57 63 76 99],[51],[57],89.53200000000001,7,0.9437960484992023
mid_third_wild_type,sample_10,104,49.74,600,4.974,44,19,[],4,[48 84 86 87],[84],[48],64.662,4,0.6414463960368635
mid_third_wild_type,sample_10,104,49.74,600,4.974,44,20,[],3,[ 3 11 16],[16],[11],24.87,3,0.8340183300609454
mid_third_wild_type,sample_10,104,49.74,600,4.974,44,21,[],3,[13 56 88],[56],[88],34.818,3,1.9452253150529968
mid_third_wild_type,sample_10,104,49.74,600,4.974,44,22,[],6,[ 4 29 60 61 62 79],[ 4 29],[79],59.688,6,0.6905387917562472
mid_third_wild_type,sample_10,104,49.74,600,4.974,44,23,[],4,[ 7  8 65 85],[65 85],[7],39.792,4,0.5458883785455231
mid_third_wild_type,sample_10,104,49.74,600,4.974,44,24,[],4,[19 43 72 91],[43],[91],44.766000000000005,4,1.030910786866156
mid_third_wild_type,sample_10,104,49.74,600,4.974,44,25,[],3,[39 57 99],[99],[57],39.792,3,0.5439241367217734
mid_third_wild_type,sample_10,104,49.74,600,4.974,44,26,[],3,[29 61 90],[29],[90],49.74,3,0.686793643750922
mid_third_wild_type,sample_10,104,49.74,600,4.974,44,27,[],7,[48 54 65 68 84 87 88],[87],[84],64.662,7,1.94963435287908
mid_third_wild_type,sample_10,104,49.74,600,4.974,44,28,[],6,[ 3 16 18 35 36 77],[16],[16],79.584,8,0.8356015195363468
mid_third_wild_type,sample_10,104,49.74,600,4.974,44,29,[],3,[49 66 85],[49],[85],39.792,3,0.736138501856723
mid_third_wild_type,sample_10,104,49.74,600,4.974,44,30,[],3,[27 51 76],[27 51 76],[76],14.922,3,0.0
mid_third_wild_type,sample_10,104,49.74,600,4.974,44,31,[],5,[ 1 60 62 80 93],[93],[80],34.818,5,1.4058031743949553
mid_third_wild_type,sample_10,104,49.74,600,4.974,44,32,[],3,[20 79 94],[79],[20],29.844,3,1.4748340913307403
mid_third_wild_type,sample_10,104,49.74,600,4.974,44,33,[],3,[59 84 95],[59],[95],39.792,3,1.268208072658078
mid_third_wild_type,sample_10,104,49.74,600,4.974,44,34,[],3,[ 1  6 83],[6],[1],39.792,3,0.457910261300846
mid_third_wild_type,sample_10,104,49.74,600,4.974,44,35,[],3,[21 22 92],[22 92],[21],44.766000000000005,3,0.15876136294682736
mid_third_wild_type,sample_10,104,49.74,600,4.974,44,36,[],3,[14 24 75],[75],[24],69.636,4,0.6456124082602193
mid_third_wild_type,sample_10,104,49.74,600,4.974,44,37,[],5,[26 29 47 80 96],[80],[26],59.688,5,0.6225641717632726
mid_third_wild_type,sample_10,104,49.74,600,4.974,44,38,[],3,[27 61 74],[27],[74],29.844,3,1.7677518186559071
mid_third_wild_type,sample_10,104,49.74,600,4.974,44,39,[],4,[29 61 80 96],[80],[29],49.74,4,2.299295349030903
mid_third_wild_type,sample_10,104,49.74,600,4.974,44,40,[],3,[27 74 99],[99],[74],39.792,3,0.8546536023157306
mid_third_wild_type,sample_10,104,49.74,600,4.974,44,41,[],3,[79 93 94],[79],[94],44.766000000000005,4,0.4388248057125043
mid_third_wild_type,sample_10,104,49.74,600,4.974,44,42,[],5,[48 54 84 86 88],[48 84],[54],49.74,5,1.430287838046427
mid_third_wild_type,sample_10,104,49.74,600,4.974,44,43,[],4,[27 29 61 76],[27],[61],34.818,4,1.9790022885202756
mid_third_wild_type,sample_11,67,47.21,600,4.721,33,0,[],5,[3 4 5 6 7],[4],[3],56.652,5,1.5211973118338404
mid_third_wild_type,sample_11,67,47.21,600,4.721,33,1,[],3,[10 12 41],[10],[41],33.047,3,1.823201047535851
mid_third_wild_type,sample_11,67,47.21,600,4.721,33,2,[],3,[14 15 60],[60],[14],51.931,3,0.2651945025141619
mid_third_wild_type,sample_11,67,47.21,600,4.721,33,3,[],3,[21 24 25],[21],[25],51.931,3,0.4948861262224309
mid_third_wild_type,sample_11,67,47.21,600,4.721,33,4,[],3,[ 6 32 36],[ 6 36],[32],33.047,3,0.5740368093214947
mid_third_wild_type,sample_11,67,47.21,600,4.721,33,5,[],4,[29 31 57 60],[29 57 60],[29],28.326,4,1.2247916481123753
mid_third_wild_type,sample_11,67,47.21,600,4.721,33,6,[],3,[3 4 5],[4 5],[3],42.489000000000004,3,0.4811790544022792
mid_third_wild_type,sample_11,67,47.21,600,4.721,33,7,[],4,[ 3  4  5 32],[32],[4 5],66.094,4,0.31492503454015613
mid_third_wild_type,sample_11,67,47.21,600,4.721,33,8,[],3,[16 34 35],[34],[35],37.768,3,0.6684895617641966
mid_third_wild_type,sample_11,67,47.21,600,4.721,33,9,[],5,[ 3  4  6  7 36],[3],[4],51.931,5,0.6730455616195664
mid_third_wild_type,sample_11,67,47.21,600,4.721,33,10,[],4,[14 15 19 57],[19],[14],51.931,4,0.3642809221359551
mid_third_wild_type,sample_11,67,47.21,600,4.721,33,11,[],3,[25 29 31],[29],[25 29 31],28.326,3,1.5972088170344192
mid_third_wild_type,sample_11,67,47.21,600,4.721,33,12,[],3,[ 6  7 36],[7],[7],23.605,3,1.590480066457152
mid_third_wild_type,sample_11,67,47.21,600,4.721,33,13,[],3,[3 4 5],[4],[5],33.047,3,1.3034755917322691
mid_third_wild_type,sample_11,67,47.21,600,4.721,33,14,[],3,[16 20 35],[35],[16],42.489000000000004,3,0.6267644774334254
mid_third_wild_type,sample_11,67,47.21,600,4.721,33,15,[],3,[ 4 32 59],[4],[32],18.884,3,1.7823528917503233
mid_third_wild_type,sample_11,67,47.21,600,4.721,33,16,[],3,[14 15 19],[14 15],[19],42.489000000000004,3,0.18200090956080067
mid_third_wild_type,sample_11,67,47.21,600,4.721,33,17,[],3,[24 25 40],[40],[25],51.931,3,0.4523118006213762
mid_third_wild_type,sample_11,67,47.21,600,4.721,33,18,[],4,[14 15 28 60],[14 15],[14 28],42.489000000000004,4,0.5895151320331106
mid_third_wild_type,sample_11,67,47.21,600,4.721,33,19,[],6,[ 3  4  5  6  7 32],[3],[4 5],103.862,6,0.8328953913826951
mid_third_wild_type,sample_11,67,47.21,600,4.721,33,20,[],3,[14 15 19],[14 15],[14],51.931,3,0.36400181912160134
mid_third_wild_type,sample_11,67,47.21,600,4.721,33,21,[],4,[ 3  6 32 36],[32],[ 6 36],61.373000000000005,4,0.3986635395339444
mid_third_wild_type,sample_11,67,47.21,600,4.721,33,22,[],3,[11 42 58],[11],[42],51.931,3,0.35785825934289406
mid_third_wild_type,sample_11,67,47.21,600,4.721,33,23,[],4,[25 37 40 64],[37],[64],47.21,4,0.5482143867591276
mid_third_wild_type,sample_11,67,47.21,600,4.721,33,24,[],6,[13 24 25 28 38 40],[38],[13],122.74600000000001,7,1.5188451113640091
mid_third_wild_type,sample_11,67,47.21,600,4.721,33,25,[],3,[38 57 60],[57],[38],42.489000000000004,3,0.7309624990628751
mid_third_wild_type,sample_11,67,47.21,600,4.721,33,26,[],4,[ 6  7 36 49],[49],[7],33.047,4,1.0784574578452926
mid_third_wild_type,sample_11,67,47.21,600,4.721,33,27,[],4,[ 4  5 10 27],[10],[4],56.652,4,0.8717311099412441
mid_third_wild_type,sample_11,67,47.21,600,4.721,33,28,[],3,[29 31 38],[29 38],[29 31],23.605,3,2.951327693259977
mid_third_wild_type,sample_11,67,47.21,600,4.721,33,29,[],4,[14 15 40 64],[64],[14],37.768,4,0.8902464659373627
mid_third_wild_type,sample_11,67,47.21,600,4.721,33,30,[],5,[24 25 37 40 64],[24 25 37],[40 64],47.21,7,0.5763737735956929
mid_third_wild_type,sample_11,67,47.21,600,4.721,33,31,[],3,[11 38 42],[42],[38],33.047,3,2.342636116667404
mid_third_wild_type,sample_11,67,47.21,600,4.721,33,32,[],3,[29 31 60],[29 60],[60],28.326,4,0.6725323428962156
mid_third_wild_type,sample_8,57,34.36,600,3.436,28,0,[],7,[ 4  7  9 16 18 19 20],[7],[4],79.02799999999999,7,0.9580410443249162
mid_third_wild_type,sample_8,57,34.36,600,3.436,28,1,[],6,[10 12 14 23 24 38],[10],[24 38],58.412,6,1.844521609479711
mid_third_wild_type,sample_8,57,34.36,600,3.436,28,2,[],3,[22 25 26],[22],[26],41.232,3,0.9315685481539833
mid_third_wild_type,sample_8,57,34.36,600,3.436,28,3,[],6,[10 29 34 37 41 49],[37],[10],34.36,6,0.5996807127769829
mid_third_wild_type,sample_8,57,34.36,600,3.436,28,4,[],3,[ 1 25 33],[ 1 25],[ 1 25 33],13.744,3,1.7560630751573694
mid_third_wild_type,sample_8,57,34.36,600,3.436,28,5,[],3,[17 32 43],[43],[32],27.488,3,0.5243679608515357
mid_third_wild_type,sample_8,57,34.36,600,3.436,28,6,[],3,[31 47 55],[31 47],[31 55],10.308,3,1.3608511005235981
mid_third_wild_type,sample_8,57,34.36,600,3.436,28,7,[],3,[ 7  9 16],[9],[16],27.488,3,1.3246356157659886
mid_third_wild_type,sample_8,57,34.36,600,3.436,28,8,[],3,[ 5 15 48],[15 48],[ 5 15 48],17.18,3,0.5700155966934419
mid_third_wild_type,sample_8,57,34.36,600,3.436,28,9,[],3,[30 32 35],[32],[30],27.488,3,1.015305900046218
mid_third_wild_type,sample_8,57,34.36,600,3.436,28,10,[],5,[14 24 36 37 38],[36],[14],48.104,6,0.9768971172914448
mid_third_wild_type,sample_8,57,34.36,600,3.436,28,11,[],3,[ 6 27 39],[6],[27],24.052,3,1.5754060632314597
mid_third_wild_type,sample_8,57,34.36,600,3.436,28,12,[],4,[ 0 12 29 38],[0],[29],24.052,4,1.742498054605188
mid_third_wild_type,sample_8,57,34.36,600,3.436,28,13,[],8,[17 29 34 41 42 43 49 55],[41],[55],58.412,8,1.9369607607843393
mid_third_wild_type,sample_8,57,34.36,600,3.436,28,14,[],3,[16 32 35],[35],[16],24.052,3,1.9448137832165793
mid_third_wild_type,sample_8,57,34.36,600,3.436,28,15,[],9,[ 0 10 12 20 34 36 37 41 49],[20],[41],92.77199999999999,9,0.8038193948176264
mid_third_wild_type,sample_8,57,34.36,600,3.436,28,16,[],5,[27 31 39 47 50],[27],[50],41.232,5,1.9404547799292442
mid_third_wild_type,sample_8,57,34.36,600,3.436,28,17,[],3,[12 35 36],[12 35 36],[12 35],10.308,3,0.0
mid_third_wild_type,sample_8,57,34.36,600,3.436,28,18,[],3,[ 6 51 55],[6],[51],37.796,3,1.8227767540275939
mid_third_wild_type,sample_8,57,34.36,600,3.436,28,19,[],5,[10 17 34 41 43],[41],[10],20.616,5,3.3784390035330047
mid_third_wild_type,sample_8,57,34.36,600,3.436,28,20,[],3,[27 39 50],[27 50],[27 39],13.744,3,0.4828970844186343
mid_third_wild_type,sample_8,57,34.36,600,3.436,28,21,[],3,[ 6 50 51],[51],[6],24.052,3,1.6333590897132646
mid_third_wild_type,sample_8,57,34.36,600,3.436,28,22,[],5,[10 32 34 35 41],[35],[41],24.052,5,1.8566969688664723
mid_third_wild_type,sample_8,57,34.36,600,3.436,28,23,[],4,[31 47 50 55],[55],[50],41.232,4,0.44512410844702505
mid_third_wild_type,sample_8,57,34.36,600,3.436,28,24,[],3,[27 39 50],[27 39],[50],20.616,3,0.22609864561389115
mid_third_wild_type,sample_8,57,34.36,600,3.436,28,25,[],3,[ 2 21 52],[2],[52],20.616,3,1.2089086359193166
mid_third_wild_type,sample_8,57,34.36,600,3.436,28,26,[],4,[27 39 51 55],[27 39],[51],30.924,4,0.3537344986017579
mid_third_wild_type,sample_8,57,34.36,600,3.436,28,27,[],3,[31 47 55],[31 47],[55],10.308,3,0.45361703350786603
mid_third_wild_type,sample_9,35,63.92,600,6.392,29,0,[],3,[1 2 7],[1 7],[1 2],25.568,3,2.4082180992893765
mid_third_wild_type,sample_9,35,63.92,600,6.392,29,1,[],8,[ 0  7  9 13 14 15 16 17],[13],[ 0  7 17],134.232,9,0.9322464561782142
mid_third_wild_type,sample_9,35,63.92,600,6.392,29,2,[],6,[ 4  5 11 12 14 30],[4],[12],70.312,6,0.7078914684178526
mid_third_wild_type,sample_9,35,63.92,600,6.392,29,3,[],3,[15 20 21],[20],[20],51.136,3,1.1670603816524632
mid_third_wild_type,sample_9,35,63.92,600,6.392,29,4,[],3,[ 2 14 17],[2],[17],51.136,3,0.16909178570283576
mid_third_wild_type,sample_9,35,63.92,600,6.392,29,5,[],4,[ 0  4  5 14],[4],[14],57.528000000000006,4,0.3834373988775499
mid_third_wild_type,sample_9,35,63.92,600,6.392,29,6,[],3,[23 25 26],[25],[23 26],51.136,3,0.6996656857162387
mid_third_wild_type,sample_9,35,63.92,600,6.392,29,7,[],5,[13 15 18 24 32],[13 32],[15],51.136,5,0.7421413121800285
mid_third_wild_type,sample_9,35,63.92,600,6.392,29,8,[],4,[ 2 11 29 30],[11],[29 30],57.528000000000006,4,0.5258844461512043
mid_third_wild_type,sample_9,35,63.92,600,6.392,29,9,[],10,[ 0  7 13 15 16 18 20 21 31 32],[21],[0 7],147.01600000000002,11,0.5729887845923007
mid_third_wild_type,sample_9,35,63.92,600,6.392,29,10,[],3,[20 21 31],[21 31],[21],31.96,3,1.6797867964102038
mid_third_wild_type,sample_9,35,63.92,600,6.392,29,11,[],3,[18 24 32],[18 24 32],[18],31.96,3,0.0
mid_third_wild_type,sample_9,35,63.92,600,6.392,29,12,[],5,[ 1 14 15 16 33],[ 1 14],[15],51.136,5,0.8476009026576626
mid_third_wild_type,sample_9,35,63.92,600,6.392,29,13,[],5,[ 9 13 20 31 32],[32],[ 9 13],70.312,5,0.6428578437946032
mid_third_wild_type,sample_9,35,63.92,600,6.392,29,14,[],3,[ 2 29 30],[29 30],[2],44.744,3,0.15647986551046783
mid_third_wild_type,sample_9,35,63.92,600,6.392,29,15,[],3,[15 28 33],[28],[15],57.528000000000006,3,0.38530993256095575
mid_third_wild_type,sample_9,35,63.92,600,6.392,29,16,[],5,[ 9 20 21 24 32],[20],[21],38.352000000000004,5,1.4216291241266579
mid_third_wild_type,sample_9,35,63.92,600,6.392,29,17,[],3,[ 4  5 30],[ 5 30],[4],31.96,3,0.3644967623388199
mid_third_wild_type,sample_9,35,63.92,600,6.392,29,18,[],8,[ 9 18 20 21 24 31 32 33],[18 31],[32],83.096,10,1.335074858094343
mid_third_wild_type,sample_9,35,63.92,600,6.392,29,19,[],3,[14 29 30],[14],[29],44.744,3,0.4316625766754858
mid_third_wild_type,sample_9,35,63.92,600,6.392,29,20,[],3,[ 4  5 30],[ 5 30],[4],31.96,3,0.3644967623388199
mid_third_wild_type,sample_9,35,63.92,600,6.392,29,21,[],4,[ 7 13 14 34],[13],[14],63.92,4,0.48449129130340846
mid_third_wild_type,sample_9,35,63.92,600,6.392,29,22,[],3,[ 3 10 19],[19],[ 3 10],57.528000000000006,4,0.5502484952630958
mid_third_wild_type,sample_9,35,63.92,600,6.392,29,23,[],6,[ 1  4  5 14 30 34],[1],[14],57.528000000000006,6,0.9465123789204289
mid_third_wild_type,sample_9,35,63.92,600,6.392,29,24,[],5,[ 9 20 21 24 32],[21],[9],38.352000000000004,5,1.8980378906500923
mid_third_wild_type,sample_9,35,63.92,600,6.392,29,25,[],4,[ 0  7 14 34],[7],[0],89.488,4,0.5685226784801326
mid_third_wild_type,sample_9,35,63.92,600,6.392,29,26,[],3,[18 31 32],[18 31],[31 32],25.568,3,1.4890706624029513
mid_third_wild_type,sample_9,35,63.92,600,6.392,29,27,[],3,[ 9 24 32],[32],[9],25.568,3,0.9292646757644145
mid_third_wild_type,sample_9,35,63.92,600,6.392,29,28,[],4,[ 4  5 14 34],[5],[14 34],51.136,4,0.9180360243843727
mid_third_zpg_RNAi,sample_7,26,35.419999999999995,600,3.542,8,0,[],3,[0 2 3],[0],[3],31.878,3,1.3566660948390574
mid_third_zpg_RNAi,sample_7,26,35.419999999999995,600,3.542,8,1,[],3,[ 9 11 14],[9],[14],53.129999999999995,3,0.5563193294506517
mid_third_zpg_RNAi,sample_7,26,35.419999999999995,600,3.542,8,2,[],3,[ 6  9 11],[11],[6 9],38.961999999999996,4,0.3671875393188781
mid_third_zpg_RNAi,sample_7,26,35.419999999999995,600,3.542,8,3,[],5,[0 4 5 7 8],[4 5],[7 8],46.046,5,1.6847049053802812
mid_third_zpg_RNAi,sample_7,26,35.419999999999995,600,3.542,8,4,[],3,[13 14 23],[14],[13 23],38.961999999999996,4,1.3142667055715993
mid_third_zpg_RNAi,sample_7,26,35.419999999999995,600,3.542,8,5,[],3,[ 6 13 23],[13],[6],31.878,3,0.8942515292926791
mid_third_zpg_RNAi,sample_7,26,35.419999999999995,600,3.542,8,6,[],3,[ 6 13 23],[6],[23],49.587999999999994,3,0.34860317768986926
mid_third_zpg_RNAi,sample_7,26,35.419999999999995,600,3.542,8,7,[],3,[ 6  9 14],[6],[14],56.672,4,0.9299952108722325
mid_third_zpg_RNAi,sample_6,20,55.71,600,5.571,8,0,[],3,[0 5 6],[5],[0],27.854999999999997,3,0.768717346122695
mid_third_zpg_RNAi,sample_6,20,55.71,600,5.571,8,1,[],3,[ 8 12 13],[12],[8],27.854999999999997,3,0.8075348230478357
mid_third_zpg_RNAi,sample_6,20,55.71,600,5.571,8,2,[],3,[ 8 16 17],[16],[8],55.709999999999994,3,0.6109344947097114
mid_third_zpg_RNAi,sample_6,20,55.71,600,5.571,8,3,[],3,[12 13 18],[13],[12 18],38.997,3,0.7747190797109863
mid_third_zpg_RNAi,sample_6,20,55.71,600,5.571,8,4,[],3,[2 5 6],[6],[2],77.994,3,0.5896970635418775
mid_third_zpg_RNAi,sample_6,20,55.71,600,5.571,8,5,[],3,[ 1  4 11],[4],[1],38.997,3,0.7046384837491414
mid_third_zpg_RNAi,sample_6,20,55.71,600,5.571,8,6,[],4,[ 9 12 13 18],[12],[18],61.281,4,0.44773076030176967
mid_third_zpg_RNAi,sample_6,20,55.71,600,5.571,8,7,[],4,[ 8  9 12 18],[8],[12],66.852,4,0.2607814275976672
mid_third_zpg_RNAi,sample_4,27,35.29,600,3.529,21,0,[],7,[ 1  9 12 17 22 23 25],[23],[25],70.58,8,1.558172897308324
mid_third_zpg_RNAi,sample_4,27,35.29,600,3.529,21,1,[],4,[12 18 20 25],[12],[25],31.761,4,1.0584536199308678
mid_third_zpg_RNAi,sample_4,27,35.29,600,3.529,21,2,[],6,[ 1  9 17 19 22 23],[ 9 22],[19],42.348,6,1.176486327352235
mid_third_zpg_RNAi,sample_4,27,35.29,600,3.529,21,3,[],7,[ 1 10 12 17 18 20 25],[1],[20],52.935,8,2.1632294280057147
mid_third_zpg_RNAi,sample_4,27,35.29,600,3.529,21,4,[],3,[ 0 14 15],[14 15],[0],21.174,3,0.6834992989190919
mid_third_zpg_RNAi,sample_4,27,35.29,600,3.529,21,5,[],5,[ 1  9 17 19 23],[19],[1],42.348,5,0.8540088776008342
mid_third_zpg_RNAi,sample_4,27,35.29,600,3.529,21,6,[],3,[12 18 25],[18],[12],31.761,3,0.3776225912283046
mid_third_zpg_RNAi,sample_4,27,35.29,600,3.529,21,7,[],3,[ 2  4 11],[11],[2],31.761,3,0.6154637337327271
mid_third_zpg_RNAi,sample_4,27,35.29,600,3.529,21,8,[],3,[ 1 17 23],[23],[1],38.819,4,0.6468116695484346
mid_third_zpg_RNAi,sample_4,27,35.29,600,3.529,21,9,[],6,[ 0  3  5  7 14 15],[14 15],[3 5],49.406,6,0.6219888459461951
mid_third_zpg_RNAi,sample_4,27,35.29,600,3.529,21,10,[],5,[ 1 17 19 22 23],[22],[ 1 17],49.406,7,1.351297860732389
mid_third_zpg_RNAi,sample_4,27,35.29,600,3.529,21,11,[],4,[ 2  9 19 22],[2],[ 9 22],45.876999999999995,4,1.055829197382539
mid_third_zpg_RNAi,sample_4,27,35.29,600,3.529,21,12,[],3,[10 12 25],[10],[25],35.29,3,1.0469289963602104
mid_third_zpg_RNAi,sample_4,27,35.29,600,3.529,21,13,[],3,[ 1 12 25],[12],[1],24.703,3,0.9431094602783284
mid_third_zpg_RNAi,sample_4,27,35.29,600,3.529,21,14,[],3,[ 7 14 15],[7],[14],35.29,3,0.42649309949964276
mid_third_zpg_RNAi,sample_4,27,35.29,600,3.529,21,15,[],3,[ 1 12 17],[1],[17],38.819,5,0.5759381238161523
mid_third_zpg_RNAi,sample_4,27,35.29,600,3.529,21,16,[],3,[ 1 12 17],[1],[17],28.232,3,0.8844229355448936
mid_third_zpg_RNAi,sample_4,27,35.29,600,3.529,21,17,[],3,[ 7 14 15],[14],[7],21.174,3,0.8699090861881428
mid_third_zpg_RNAi,sample_4,27,35.29,600,3.529,21,18,[],3,[ 0 14 15],[0],[15],45.876999999999995,3,0.42791752335150207
mid_third_zpg_RNAi,sample_4,27,35.29,600,3.529,21,19,[],3,[17 20 25],[17 25],[17 20],14.116,3,2.109909707083301
mid_third_zpg_RNAi,sample_4,27,35.29,600,3.529,21,20,[],3,[0 3 5],[5],[5],35.29,5,1.1181460613754535
mid_third_zpg_RNAi,sample_5,13,33.16,600,3.316,10,0,[],3,[3 5 6],[3],[5],33.16,3,0.7861731932808268
mid_third_zpg_RNAi,sample_5,13,33.16,600,3.316,10,1,[],3,[ 1  8 10],[1],[8],33.16,3,3.460717683216513
mid_third_zpg_RNAi,sample_5,13,33.16,600,3.316,10,2,[],5,[1 3 5 6 8],[5],[5],99.47999999999999,6,1.635490429741914
mid_third_zpg_RNAi,sample_5,13,33.16,600,3.316,10,3,[],3,[ 0 11 12],[0],[11],59.687999999999995,3,0.44474938684284615
mid_third_zpg_RNAi,sample_5,13,33.16,600,3.316,10,4,[],3,[ 0 11 12],[12],[0],53.056,3,0.5416016360391855
mid_third_zpg_RNAi,sample_5,13,33.16,600,3.316,10,5,[],3,[1 2 8],[8],[1],49.739999999999995,3,0.9738483890693492
mid_third_zpg_RNAi,sample_5,13,33.16,600,3.316,10,6,[],3,[2 5 8],[5],[2],69.636,3,0.6043207046227136
mid_third_zpg_RNAi,sample_5,13,33.16,600,3.316,10,7,[],3,[1 5 8],[5],[1],76.268,3,0.45321191534636013
mid_third_zpg_RNAi,sample_5,13,33.16,600,3.316,10,8,[],3,[2 5 8],[5 8],[2],39.792,3,0.9482106523617708
mid_third_zpg_RNAi,sample_5,13,33.16,600,3.316,10,9,[],4,[1 2 5 8],[5],[1],49.739999999999995,4,0.7166888628389433
mid_third_zpg_RNAi,sample_1,20,47.325,600,5.679,28,0,[],3,[4 5 6],[4],[5],45.432,3,1.1539308242517543
mid_third_zpg_RNAi,sample_1,20,47.325,600,5.679,28,1,[],3,[ 4 11 15],[4],[15],73.827,3,0.23278870814028155
mid_third_zpg_RNAi,sample_1,20,47.325,600,5.679,28,2,[],3,[0 5 6],[5 6],[0],68.148,3,0.21837181922436344
mid_third_zpg_RNAi,sample_1,20,47.325,600,5.679,28,3,[],3,[ 3 10 16],[16],[10],96.543,3,0.22557085252725795
mid_third_zpg_RNAi,sample_1,20,47.325,600,5.679,28,4,[],5,[ 0  5  6 11 15],[6],[11],141.975,5,0.2241035013379644
mid_third_zpg_RNAi,sample_1,20,47.325,600,5.679,28,5,[],3,[10 18 19],[18],[10],113.58000000000001,3,0.45733058694469736
mid_third_zpg_RNAi,sample_1,20,47.325,600,5.679,28,6,[],3,[0 4 5],[4],[5],113.58000000000001,3,0.2235513061413425
mid_third_zpg_RNAi,sample_1,20,47.325,600,5.679,28,7,[],3,[ 7 14 17],[7],[17],85.185,3,0.4133547963306533
mid_third_zpg_RNAi,sample_1,20,47.325,600,5.679,28,8,[],3,[ 8  9 13],[8],[13],90.864,4,0.34269605993534413
mid_third_zpg_RNAi,sample_1,20,47.325,600,5.679,28,9,[],5,[ 0  4  5  6 15],[5],[6],119.259,6,0.5845536253715984
mid_third_zpg_RNAi,sample_1,20,47.325,600,5.679,28,10,[],4,[ 3 10 18 19],[3],[3],215.80200000000002,6,0.2367763324726689
mid_third_zpg_RNAi,sample_1,20,47.325,600,5.679,28,11,[],3,[ 8  9 13],[8],[13],96.543,3,0.6180969111283705
mid_third_zpg_RNAi,sample_1,20,47.325,600,5.679,28,12,[],3,[ 0  4 11],[0],[4],62.469,3,0.3500302571471424
mid_third_zpg_RNAi,sample_1,20,47.325,600,5.679,28,13,[],3,[0 5 6],[5 6],[0],79.506,3,0.2911624256324846
mid_third_zpg_RNAi,sample_1,20,47.325,600,5.679,28,14,[],5,[ 0  4  6 11 15],[6],[ 4 11],96.543,6,0.5717898434254811
mid_third_zpg_RNAi,sample_1,20,47.325,600,5.679,28,15,[],3,[ 8  9 13],[8 9],[13],96.543,3,0.1337966844169526
mid_third_zpg_RNAi,sample_1,20,47.325,600,5.679,28,16,[],5,[ 0  5 11 13 15],[11],[13],198.76500000000001,6,0.6991513440469366
mid_third_zpg_RNAi,sample_1,20,47.325,600,5.679,28,17,[],3,[ 4 11 15],[15],[ 4 11],51.111000000000004,3,0.9433853960052541
mid_third_zpg_RNAi,sample_1,20,47.325,600,5.679,28,18,[],4,[ 0  4 11 15],[0],[11],96.543,5,0.18030773277684578
mid_third_zpg_RNAi,sample_1,20,47.325,600,5.679,28,19,[],3,[ 3 10 19],[ 3 19],[10],90.864,3,0.19924803990588844
mid_third_zpg_RNAi,sample_1,20,47.325,600,5.679,28,20,[],3,[ 8  9 13],[9],[13],85.185,3,0.7500809694285894
mid_third_zpg_RNAi,sample_1,20,47.325,600,5.679,28,21,[],3,[0 4 6],[4],[0],79.506,3,0.4592699345956206
mid_third_zpg_RNAi,sample_1,20,47.325,600,5.679,28,22,[],3,[ 4 11 15],[11],[ 4 15],96.543,3,0.20956056299111975
mid_third_zpg_RNAi,sample_1,20,47.325,600,5.679,28,23,[],5,[ 7  8  9 13 14],[8 9],[13],124.938,5,0.5209992052357484
mid_third_zpg_RNAi,sample_1,20,47.325,600,5.679,28,24,[],3,[ 3 10 18],[18],[3],85.185,3,0.3884943547376849
mid_third_zpg_RNAi,sample_1,20,47.325,600,5.679,28,25,[],3,[ 4 11 15],[11 15],[4],96.543,3,0.3324054253540218
mid_third_zpg_RNAi,sample_1,20,47.325,600,5.679,28,26,[],3,[4 5 6],[6],[4],147.654,3,0.15751177455759058
mid_third_zpg_RNAi,sample_1,20,47.325,600,5.679,28,27,[],3,[ 8  9 13],[13],[8],90.864,4,0.32957468616273383
mid_third_zpg_RNAi,sample_2,38,46.46,600,4.646,45,0,[],3,[ 9 13 14],[9],[14],37.168,3,0.6383271508103334
mid_third_zpg_RNAi,sample_2,38,46.46,600,4.646,45,1,[],3,[ 0 11 27],[11],[0],37.168,3,0.9446218260067815
mid_third_zpg_RNAi,sample_2,38,46.46,600,4.646,45,2,[],4,[ 2 16 24 27],[16],[27],37.168,4,1.258343896061734
mid_third_zpg_RNAi,sample_2,38,46.46,600,4.646,45,3,[],3,[20 21 29],[29],[20],37.168,3,1.7676709552969565
mid_third_zpg_RNAi,sample_2,38,46.46,600,4.646,45,4,[],4,[ 7 10 31 32],[31],[10],37.168,4,0.7965301578483205
mid_third_zpg_RNAi,sample_2,38,46.46,600,4.646,45,5,[],3,[ 3 14 36],[ 3 14],[3],23.23,3,1.5348088363647292
mid_third_zpg_RNAi,sample_2,38,46.46,600,4.646,45,6,[],3,[ 8 17 22],[17],[22],27.875999999999998,3,0.9373002411832377
mid_third_zpg_RNAi,sample_2,38,46.46,600,4.646,45,7,[],3,[16 24 27],[16],[24],46.46,3,0.5681273206718886
mid_third_zpg_RNAi,sample_2,38,46.46,600,4.646,45,8,[],3,[ 9 14 26],[ 9 26],[14],37.168,3,0.500016669690766
mid_third_zpg_RNAi,sample_2,38,46.46,600,4.646,45,9,[],4,[ 8 17 22 25],[8],[8],65.044,5,1.063846828035867
mid_third_zpg_RNAi,sample_2,38,46.46,600,4.646,45,10,[],4,[11 16 24 27],[11],[24],27.875999999999998,4,0.6715542152533388
mid_third_zpg_RNAi,sample_2,38,46.46,600,4.646,45,11,[],4,[ 0  9 11 26],[9],[11],46.46,4,0.8880891304070687
mid_third_zpg_RNAi,sample_2,38,46.46,600,4.646,45,12,[],5,[ 7 10 31 32 34],[7],[34],46.46,5,0.5181165932850197
mid_third_zpg_RNAi,sample_2,38,46.46,600,4.646,45,13,[],3,[18 28 35],[35],[18],41.814,3,0.8590312991032028
mid_third_zpg_RNAi,sample_2,38,46.46,600,4.646,45,14,[],3,[14 26 36],[14],[26],32.522,3,0.883322910341507
mid_third_zpg_RNAi,sample_2,38,46.46,600,4.646,45,15,[],3,[16 24 27],[16],[27],32.522,3,0.5637776246357213
mid_third_zpg_RNAi,sample_2,38,46.46,600,4.646,45,16,[],3,[20 21 29],[20 21],[20],37.168,3,0.36567999521668093
mid_third_zpg_RNAi,sample_2,38,46.46,600,4.646,45,17,[],3,[ 9 26 30],[30],[26],32.522,3,1.4230861575521652
mid_third_zpg_RNAi,sample_2,38,46.46,600,4.646,45,18,[],3,[18 28 35],[28],[18],37.168,3,1.08146220488891
mid_third_zpg_RNAi,sample_2,38,46.46,600,4.646,45,19,[],3,[20 21 29],[20],[29],65.044,3,0.5551961218753574
mid_third_zpg_RNAi,sample_2,38,46.46,600,4.646,45,20,[],3,[ 5 24 27],[24],[5],32.522,3,0.9190158069369294
mid_third_zpg_RNAi,sample_2,38,46.46,600,4.646,45,21,[],4,[14 26 30 37],[37],[26],51.106,4,0.7483506996711494
mid_third_zpg_RNAi,sample_2,38,46.46,600,4.646,45,22,[],3,[ 8 22 25],[22],[8],27.875999999999998,3,1.8023680047754156
mid_third_zpg_RNAi,sample_2,38,46.46,600,4.646,45,23,[],6,[ 0  1  5 11 24 27],[0],[0],65.044,7,0.8535940240391747
mid_third_zpg_RNAi,sample_2,38,46.46,600,4.646,45,24,[],5,[ 3 14 26 36 37],[3],[14],60.397999999999996,5,1.6565310219497695
mid_third_zpg_RNAi,sample_2,38,46.46,600,4.646,45,25,[],3,[ 7 32 34],[7],[32 34],32.522,3,0.6727284417263214
mid_third_zpg_RNAi,sample_2,38,46.46,600,4.646,45,26,[],4,[ 3  9 26 30],[9],[3],55.751999999999995,4,0.4478927138292963
mid_third_zpg_RNAi,sample_2,38,46.46,600,4.646,45,27,[],6,[ 0  1  2  5 16 27],[1],[5],78.982,6,2.147185262592123
mid_third_zpg_RNAi,sample_2,38,46.46,600,4.646,45,28,[],4,[14 18 35 37],[35],[18],37.168,4,1.9737282237099183
mid_third_zpg_RNAi,sample_2,38,46.46,600,4.646,45,29,[],6,[ 0  5  9 11 26 27],[27],[5],60.397999999999996,6,0.9020066706565473
mid_third_zpg_RNAi,sample_2,38,46.46,600,4.646,45,30,[],4,[ 3 14 36 37],[14],[36],41.814,4,0.8159995194558403
mid_third_zpg_RNAi,sample_2,38,46.46,600,4.646,45,31,[],3,[ 7 32 34],[7],[34],27.875999999999998,3,0.8087152009945946
mid_third_zpg_RNAi,sample_2,38,46.46,600,4.646,45,32,[],3,[ 3 14 37],[14],[3],37.168,3,0.7831102055283092
mid_third_zpg_RNAi,sample_2,38,46.46,600,4.646,45,33,[],8,[ 0  1  5  9 11 26 27 30],[0],[27],134.734,12,1.4643722782413306
mid_third_zpg_RNAi,sample_2,38,46.46,600,4.646,45,34,[],3,[18 28 35],[28 35],[18],46.46,3,0.25507647847833886
mid_third_zpg_RNAi,sample_2,38,46.46,600,4.646,45,35,[],4,[ 9 14 26 37],[14],[9],41.814,4,1.3694460163103044
mid_third_zpg_RNAi,sample_2,38,46.46,600,4.646,45,36,[],3,[ 0 27 30],[27],[30],46.46,3,0.922161278655365
mid_third_zpg_RNAi,sample_2,38,46.46,600,4.646,45,37,[],5,[ 3 14 28 35 37],[37],[28],51.106,5,0.891055969792527
mid_third_zpg_RNAi,sample_2,38,46.46,600,4.646,45,38,[],4,[ 0  5 11 27],[27],[ 0 11],23.23,4,2.109738763021351
mid_third_zpg_RNAi,sample_2,38,46.46,600,4.646,45,39,[],8,[ 0  9 11 14 26 27 30 37],[ 9 26],[14],41.814,8,2.7182698382689807
mid_third_zpg_RNAi,sample_2,38,46.46,600,4.646,45,40,[],4,[ 0  9 26 30],[0],[26],41.814,4,1.3598575555623482
mid_third_zpg_RNAi,sample_2,38,46.46,600,4.646,45,41,[],3,[14 18 37],[18],[14],41.814,3,0.7557565208991696
mid_third_zpg_RNAi,sample_2,38,46.46,600,4.646,45,42,[],9,[ 0  5  9 11 14 26 27 30 37],[27],[26],78.982,9,0.9302450606991428
mid_third_zpg_RNAi,sample_2,38,46.46,600,4.646,45,43,[],3,[ 8 28 35],[8],[28 35],46.46,3,1.3150296874044558
mid_third_zpg_RNAi,sample_2,38,46.46,600,4.646,45,44,[],5,[ 0  5 11 24 27],[5],[0],41.814,5,0.8990000830406215
mid_third_zpg_RNAi,sample_3,27,71.31,600,7.131,26,0,[],3,[ 4  5 14],[4],[5],71.31,3,0.38315770970979557
mid_third_zpg_RNAi,sample_3,27,71.31,600,7.131,26,1,[],5,[ 3  5 10 11 24],[5],[11 24],71.31,5,0.7833778151954365
mid_third_zpg_RNAi,sample_3,27,71.31,600,7.131,26,2,[],3,[1 4 5],[1],[5],57.048,3,0.3443665091516631
mid_third_zpg_RNAi,sample_3,27,71.31,600,7.131,26,3,[],3,[ 8 17 24],[ 8 17 24],[8],28.524,3,0.0
mid_third_zpg_RNAi,sample_3,27,71.31,600,7.131,26,4,[],3,[ 2  8 19],[ 8 19],[2],92.703,3,0.17334352972929107
mid_third_zpg_RNAi,sample_3,27,71.31,600,7.131,26,5,[],3,[1 4 5],[1 4 5],[4],42.786,3,0.0
mid_third_zpg_RNAi,sample_3,27,71.31,600,7.131,26,6,[],3,[ 8 17 19],[ 8 17],[ 8 19],28.524,3,0.5047158348665814
mid_third_zpg_RNAi,sample_3,27,71.31,600,7.131,26,7,[],3,[ 8 17 19],[8],[ 8 17],35.655,3,0.701610282280938
mid_third_zpg_RNAi,sample_3,27,71.31,600,7.131,26,8,[],6,[ 2  8 17 19 20 24],[8],[2],78.441,6,0.49921859169003824
mid_third_zpg_RNAi,sample_3,27,71.31,600,7.131,26,9,[],3,[6 7 9],[9],[6 7],28.524,3,0.3425223326701551
mid_third_zpg_RNAi,sample_3,27,71.31,600,7.131,26,10,[],6,[ 8 13 17 19 20 24],[20],[24],106.965,8,0.8067995994978344
mid_third_zpg_RNAi,sample_3,27,71.31,600,7.131,26,11,[],3,[ 0 21 23],[0],[21],42.786,3,0.5300136103737105
mid_third_zpg_RNAi,sample_3,27,71.31,600,7.131,26,12,[],3,[ 6  7 22],[6 7],[22],28.524,3,0.6837704208420495
mid_third_zpg_RNAi,sample_3,27,71.31,600,7.131,26,13,[],3,[ 8 17 20],[ 8 17],[20],35.655,3,0.34637298696166435
mid_third_zpg_RNAi,sample_3,27,71.31,600,7.131,26,14,[],3,[ 2  8 17],[2],[17],106.965,3,0.14904760819774446
mid_third_zpg_RNAi,sample_3,27,71.31,600,7.131,26,15,[],3,[17 20 24],[17 24],[24],28.524,3,1.1752534657734681
mid_third_zpg_RNAi,sample_3,27,71.31,600,7.131,26,16,[],7,[ 2  8 17 18 19 20 24],[2],[18],106.965,7,0.266609975420066
mid_third_zpg_RNAi,sample_3,27,71.31,600,7.131,26,17,[],3,[ 8 19 20],[8],[19],42.786,3,0.4264698108051458
mid_third_zpg_RNAi,sample_3,27,71.31,600,7.131,26,18,[],6,[ 2  8 13 17 19 20],[17],[2],164.013,10,0.4087214592558322
mid_third_zpg_RNAi,sample_3,27,71.31,600,7.131,26,19,[],3,[ 0 16 26],[0],[26],35.655,3,0.516480098515781
mid_third_zpg_RNAi,sample_3,27,71.31,600,7.131,26,20,[],3,[17 20 24],[17 24],[20],28.524,3,0.5876267328867341
mid_third_zpg_RNAi,sample_3,27,71.31,600,7.131,26,21,[],3,[ 8 13 19],[8],[13],35.655,3,1.1197865371377387
mid_third_zpg_RNAi,sample_3,27,71.31,600,7.131,26,22,[],5,[ 2  8 13 17 24],[2],[2],85.572,5,0.41436332604939974
mid_third_zpg_RNAi,sample_3,27,71.31,600,7.131,26,23,[],4,[ 8 17 20 24],[8],[20],28.524,4,0.6557388363075294
mid_third_zpg_RNAi,sample_3,27,71.31,600,7.131,26,24,[],3,[13 19 20],[19],[13 20],28.524,3,0.8954079667239954
mid_third_zpg_RNAi,sample_3,27,71.31,600,7.131,26,25,[],4,[ 2  8 17 24],[2],[8],106.965,5,0.4812248010920528
mid_third_zpg_RNAi,sample_8,22,40.36666666666667,600,4.844,9,0,[],3,[3 7 8],[7],[8],33.908,3,0.8674497413644481
mid_third_zpg_RNAi,sample_8,22,40.36666666666667,600,4.844,9,1,[],3,[ 0  1 13],[0],[13],62.972,3,0.9054229466215902
mid_third_zpg_RNAi,sample_8,22,40.36666666666667,600,4.844,9,2,[],3,[0 1 6],[0 1],[6],38.752,3,2.5978563208294645
mid_third_zpg_RNAi,sample_8,22,40.36666666666667,600,4.844,9,3,[],3,[3 7 8],[7],[3],53.284000000000006,3,0.46857739273334686
mid_third_zpg_RNAi,sample_8,22,40.36666666666667,600,4.844,9,4,[],3,[10 12 13],[12],[10],58.128,3,0.9538726426993356
mid_third_zpg_RNAi,sample_8,22,40.36666666666667,600,4.844,9,5,[],4,[ 0  1  9 11],[11],[0],67.816,4,1.4627141280999985
mid_third_zpg_RNAi,sample_8,22,40.36666666666667,600,4.844,9,6,[],4,[ 0  1  9 11],[0],[9],77.504,5,0.4087249749062071
mid_third_zpg_RNAi,sample_8,22,40.36666666666667,600,4.844,9,7,[],5,[10 12 13 14 15],[13],[10],62.972,5,1.3241258227367112
mid_third_zpg_RNAi,sample_8,22,40.36666666666667,600,4.844,9,8,[],4,[ 0  1 11 21],[11],[1],53.284000000000006,4,0.6663693082311165
cbx_inhibitor_3.125,sample_1,55,35.55,600,3.555,32,0,[],4,[ 7  8 19 21],[19],[7],24.885,4,2.011811060840636
cbx_inhibitor_3.125,sample_1,55,35.55,600,3.555,32,1,[],3,[ 7 15 21],[7],[21],42.660000000000004,3,0.8280212988568171
cbx_inhibitor_3.125,sample_1,55,35.55,600,3.555,32,2,[],3,[ 1  2 14],[14],[2],21.330000000000002,3,0.5568556887509534
cbx_inhibitor_3.125,sample_1,55,35.55,600,3.555,32,3,[],4,[12 13 29 31],[13],[29 31],49.77,4,1.289619367759876
cbx_inhibitor_3.125,sample_1,55,35.55,600,3.555,32,4,[],3,[ 4  6 15],[6],[4],39.105000000000004,4,0.786045426761294
cbx_inhibitor_3.125,sample_1,55,35.55,600,3.555,32,5,[],3,[ 8 19 20],[19],[20],28.44,3,0.7866359462228406
cbx_inhibitor_3.125,sample_1,55,35.55,600,3.555,32,6,[],5,[ 6  8 15 19 21],[6],[19],53.325,6,0.5785106216438813
cbx_inhibitor_3.125,sample_1,55,35.55,600,3.555,32,7,[],5,[ 1  2 26 35 46],[35],[1],31.995,5,1.5201933878402576
cbx_inhibitor_3.125,sample_1,55,35.55,600,3.555,32,8,[],4,[14 26 39 52],[52],[14 39],35.550000000000004,4,1.714995566030843
cbx_inhibitor_3.125,sample_1,55,35.55,600,3.555,32,9,[],4,[10 28 42 50],[10],[50],42.660000000000004,4,1.1102070630007776
cbx_inhibitor_3.125,sample_1,55,35.55,600,3.555,32,10,[],3,[23 40 49],[40],[49],31.995,3,0.5224376313977234
cbx_inhibitor_3.125,sample_1,55,35.55,600,3.555,32,11,[],3,[ 0 32 47],[0],[32],21.330000000000002,3,1.4552147354449272
cbx_inhibitor_3.125,sample_1,55,35.55,600,3.555,32,12,[],3,[11 30 33],[30 33],[11 30],14.22,3,4.3452817714433545
cbx_inhibitor_3.125,sample_1,55,35.55,600,3.555,32,13,[],4,[ 3 12 29 41],[41],[12],42.660000000000004,5,1.3586140306580203
cbx_inhibitor_3.125,sample_1,55,35.55,600,3.555,32,14,[],3,[10 43 48],[48],[10],31.995,3,0.9804846589348755
cbx_inhibitor_3.125,sample_1,55,35.55,600,3.555,32,15,[],4,[ 1  2 18 26],[1],[18],49.77,5,0.35332871672844685
cbx_inhibitor_3.125,sample_1,55,35.55,600,3.555,32,16,[],3,[ 5  8 19],[5],[5],31.995,4,0.6532199780583291
cbx_inhibitor_3.125,sample_1,55,35.55,600,3.555,32,17,[],3,[17 23 49],[17],[23],35.550000000000004,4,0.6388618918625004
cbx_inhibitor_3.125,sample_1,55,35.55,600,3.555,32,18,[],3,[ 1  2 39],[1],[39],39.105000000000004,3,0.4468018276740874
cbx_inhibitor_3.125,sample_1,55,35.55,600,3.555,32,19,[],4,[ 3 29 31 41],[3],[29 31],53.325,6,0.634359559034079
cbx_inhibitor_3.125,sample_1,55,35.55,600,3.555,32,20,[],6,[10 17 23 43 48 49],[10 17],[43],39.105000000000004,6,0.3047278206951508
cbx_inhibitor_3.125,sample_1,55,35.55,600,3.555,32,21,[],3,[22 40 43],[40],[43],28.44,3,0.9254419930735368
cbx_inhibitor_3.125,sample_1,55,35.55,600,3.555,32,22,[],4,[17 28 30 50],[30],[28],53.325,5,0.7921078736613882
cbx_inhibitor_3.125,sample_1,55,35.55,600,3.555,32,23,[],3,[ 2 26 52],[52],[26],35.550000000000004,3,0.3144097216746894
cbx_inhibitor_3.125,sample_1,55,35.55,600,3.555,32,24,[],3,[ 7  8 19],[7],[19],31.995,3,0.485897748984069
cbx_inhibitor_3.125,sample_1,55,35.55,600,3.555,32,25,[],5,[10 16 24 30 33],[10 33],[16],46.215,5,0.610303854778263
cbx_inhibitor_3.125,sample_1,55,35.55,600,3.555,32,26,[],3,[ 1  2 39],[1],[1 2],24.885,3,1.1829325345980555
cbx_inhibitor_3.125,sample_1,55,35.55,600,3.555,32,27,[],3,[47 53 54],[47],[54],17.775000000000002,3,1.5414735893323914
cbx_inhibitor_3.125,sample_1,55,35.55,600,3.555,32,28,[],3,[29 31 41],[41],[41],14.22,3,3.432159969609069
cbx_inhibitor_3.125,sample_1,55,35.55,600,3.555,32,29,[],3,[ 7  8 19],[8],[7 8],42.660000000000004,3,0.49531885748432253
cbx_inhibitor_3.125,sample_1,55,35.55,600,3.555,32,30,[],3,[10 23 49],[49],[10],31.995,3,0.6542058286972402
cbx_inhibitor_3.125,sample_1,55,35.55,600,3.555,32,31,[],4,[12 29 31 41],[41],[29 31],17.775000000000002,4,2.4918279586089698
cbx_inhibitor_3.125,sample_2,53,26.09,600,2.609,30,0,[],3,[12 13 14],[12],[14],20.872,3,2.5151610860565707
cbx_inhibitor_3.125,sample_2,53,26.09,600,2.609,30,1,[],6,[ 9 17 18 27 36 45],[9],[27],36.525999999999996,6,2.1926512113710226
cbx_inhibitor_3.125,sample_2,53,26.09,600,2.609,30,2,[],3,[ 7 11 16],[11],[16],15.654,3,2.3567486956382897
cbx_inhibitor_3.125,sample_2,53,26.09,600,2.609,30,3,[],5,[ 0  3  7 11 16],[16],[0],31.308,5,1.3404681231158988
cbx_inhibitor_3.125,sample_2,53,26.09,600,2.609,30,4,[],6,[ 0  7 10 11 24 30],[24],[7],57.397999999999996,6,0.829823869322418
cbx_inhibitor_3.125,sample_2,53,26.09,600,2.609,30,5,[],3,[18 35 36],[18],[35],26.09,3,1.4038447831744354
cbx_inhibitor_3.125,sample_2,53,26.09,600,2.609,30,6,[],3,[ 1 14 24],[1],[24],20.872,3,2.0760525823554423
cbx_inhibitor_3.125,sample_2,53,26.09,600,2.609,30,7,[],3,[ 8 23 33],[33],[23],33.917,4,0.5524774956682394
cbx_inhibitor_3.125,sample_2,53,26.09,600,2.609,30,8,[],3,[17 18 27],[17],[27],28.698999999999998,3,0.40613865178428316
cbx_inhibitor_3.125,sample_2,53,26.09,600,2.609,30,9,[],3,[ 9 27 36],[ 9 36],[27],23.481,3,0.6288754106282718
cbx_inhibitor_3.125,sample_2,53,26.09,600,2.609,30,10,[],6,[17 19 34 35 42 45],[19],[45],49.571,6,1.5827710957525252
cbx_inhibitor_3.125,sample_2,53,26.09,600,2.609,30,11,[],3,[12 13 21],[12],[21],26.09,3,0.6589145852673995
cbx_inhibitor_3.125,sample_2,53,26.09,600,2.609,30,12,[],6,[ 2  5  6 20 37 38],[37],[5],44.353,6,1.2204677987200732
cbx_inhibitor_3.125,sample_2,53,26.09,600,2.609,30,13,[],3,[ 1 24 30],[1],[30],23.481,3,3.1716785187140393
cbx_inhibitor_3.125,sample_2,53,26.09,600,2.609,30,14,[],5,[18 19 34 35 47],[18],[35],28.698999999999998,6,3.4133098907419472
cbx_inhibitor_3.125,sample_2,53,26.09,600,2.609,30,15,[],3,[10 11 30],[11],[30],39.135,3,1.2088895452899218
cbx_inhibitor_3.125,sample_2,53,26.09,600,2.609,30,16,[],3,[ 9 18 47],[9],[18 47],26.09,4,0.9294015164754891
cbx_inhibitor_3.125,sample_2,53,26.09,600,2.609,30,17,[],4,[19 25 34 35],[35],[19 34],20.872,4,2.2004616100443357
cbx_inhibitor_3.125,sample_2,53,26.09,600,2.609,30,18,[],4,[ 1 14 24 30],[24],[1],33.917,4,1.4401170321748265
cbx_inhibitor_3.125,sample_2,53,26.09,600,2.609,30,19,[],5,[ 9 29 35 45 50],[29 50],[35],31.308,6,1.078129333614352
cbx_inhibitor_3.125,sample_2,53,26.09,600,2.609,30,20,[],3,[19 29 34],[29],[34],13.045,3,2.4655539611167043
cbx_inhibitor_3.125,sample_2,53,26.09,600,2.609,30,21,[],3,[ 1 14 51],[14],[ 1 51],18.262999999999998,3,3.991228648343732
cbx_inhibitor_3.125,sample_2,53,26.09,600,2.609,30,22,[],3,[ 6 20 37],[6],[37],23.481,3,0.6762617597459213
cbx_inhibitor_3.125,sample_2,53,26.09,600,2.609,30,23,[],4,[ 9 18 44 45],[18],[45],36.525999999999996,5,1.9604612667624464
cbx_inhibitor_3.125,sample_2,53,26.09,600,2.609,30,24,[],5,[12 13 24 47 51],[24],[13],39.135,5,1.2869510673849511
cbx_inhibitor_3.125,sample_2,53,26.09,600,2.609,30,25,[],5,[ 9 29 42 44 45],[45],[44],33.917,5,1.901432773449086
cbx_inhibitor_3.125,sample_2,53,26.09,600,2.609,30,26,[],3,[12 21 51],[12 51],[21],20.872,3,0.4679653977797769
cbx_inhibitor_3.125,sample_2,53,26.09,600,2.609,30,27,[],7,[17 18 19 29 34 35 47],[17],[34],49.571,8,1.6156279299163454
cbx_inhibitor_3.125,sample_2,53,26.09,600,2.609,30,28,[],3,[ 1 14 51],[14],[ 1 51],13.045,3,0.7982457296687463
cbx_inhibitor_3.125,sample_2,53,26.09,600,2.609,30,29,[],3,[ 3  7 10],[3 7],[10],10.436,3,1.7275275497401221
cbx_inhibitor_3.125,sample_3,54,40.67999999999999,600,4.068,11,0,[],5,[ 3  6  7  8 11],[3],[11],61.019999999999996,5,0.3975690679595253
cbx_inhibitor_3.125,sample_3,54,40.67999999999999,600,4.068,11,1,[],3,[ 2 20 21],[2],[20 21],28.476,3,1.2642202109404888
cbx_inhibitor_3.125,sample_3,54,40.67999999999999,600,4.068,11,2,[],4,[ 1 17 18 31],[1],[17],40.67999999999999,4,1.5098074937554007
cbx_inhibitor_3.125,sample_3,54,40.67999999999999,600,4.068,11,3,[],3,[3 6 7],[6],[7],20.339999999999996,3,0.5325242627519223
cbx_inhibitor_3.125,sample_3,54,40.67999999999999,600,4.068,11,4,[],3,[22 23 41],[23],[41],24.407999999999998,3,2.3067758526051905
cbx_inhibitor_3.125,sample_3,54,40.67999999999999,600,4.068,11,5,[],5,[16 28 35 39 43],[16],[35],40.67999999999999,5,1.1182649671971594
cbx_inhibitor_3.125,sample_3,54,40.67999999999999,600,4.068,11,6,[],3,[30 35 51],[30 51],[51],12.203999999999999,3,2.109988342187758
cbx_inhibitor_3.125,sample_3,54,40.67999999999999,600,4.068,11,7,[],3,[16 28 35],[16],[28],32.544,3,1.5075602848908416
cbx_inhibitor_3.125,sample_3,54,40.67999999999999,600,4.068,11,8,[],3,[16 30 50],[50],[30],73.22399999999999,3,0.5315695346251559
cbx_inhibitor_3.125,sample_3,54,40.67999999999999,600,4.068,11,9,[],3,[ 1 18 27],[18 27],[1],28.476,3,0.42610404128849744
cbx_inhibitor_3.125,sample_3,54,40.67999999999999,600,4.068,11,10,[],3,[29 35 50],[35],[29],48.815999999999995,3,0.4073860287131218
cbx_inhibitor_12.5,sample_4,18,41.42605,571,4.353,0,-1,[],0,[],[],[],0.0,0,0.0
cbx_inhibitor_12.5,sample_1,23,37.18281666666667,559,3.991,0,-1,[],0,[],[],[],0.0,0,0.0
cbx_inhibitor_12.5,sample_2,45,55.279999999999994,600,5.528,5,0,[],3,[22 25 27],[22],[27],38.696,3,0.39694319527449223
cbx_inhibitor_12.5,sample_2,45,55.279999999999994,600,5.528,5,1,[],3,[ 7 29 30],[7],[30],27.639999999999997,3,0.49686540848117755
cbx_inhibitor_12.5,sample_2,45,55.279999999999994,600,5.528,5,2,[],3,[22 25 27],[27],[25],33.168,3,0.6631678444043969
cbx_inhibitor_12.5,sample_2,45,55.279999999999994,600,5.528,5,3,[],3,[ 9 14 39],[9],[14],44.224,3,1.382651102710225
cbx_inhibitor_12.5,sample_2,45,55.279999999999994,600,5.528,5,4,[],3,[20 28 36],[28],[36],49.751999999999995,3,1.0533111504176582
cbx_inhibitor_12.5,sample_3,52,87.19,600,8.719,1,0,[],5,[ 5  6 13 14 15],[ 5  6 13],[13 14],34.876,5,1.3706822846658056
cbx_inhibitor_washout,sample_4,57,31.12,600,3.112,25,0,[],3,[ 2  7 31],[2],[31],28.008000000000003,3,0.6911693567518353
cbx_inhibitor_washout,sample_4,57,31.12,600,3.112,25,1,[],5,[15 16 21 37 38],[21 37],[16],18.672,5,2.2114153108344072
cbx_inhibitor_washout,sample_4,57,31.12,600,3.112,25,2,[],3,[10 14 43],[10],[43],18.672,3,1.6670746088505068
cbx_inhibitor_washout,sample_4,57,31.12,600,3.112,25,3,[],3,[12 25 42],[25],[42],28.008000000000003,3,1.1331072966760205
cbx_inhibitor_washout,sample_4,57,31.12,600,3.112,25,4,[],4,[ 2  7 11 17],[7],[7],37.344,5,0.9976431270374064
cbx_inhibitor_washout,sample_4,57,31.12,600,3.112,25,5,[],3,[ 1 28 46],[1],[46],15.56,3,1.2236347838808719
cbx_inhibitor_washout,sample_4,57,31.12,600,3.112,25,6,[],4,[10 14 43 44],[14],[43],31.12,4,2.224978026217541
cbx_inhibitor_washout,sample_4,57,31.12,600,3.112,25,7,[],3,[ 2  7 31],[31],[2],21.784,3,1.1124082989285853
cbx_inhibitor_washout,sample_4,57,31.12,600,3.112,25,8,[],3,[20 25 46],[25],[46],28.008000000000003,3,1.0164980029290733
cbx_inhibitor_washout,sample_4,57,31.12,600,3.112,25,9,[],3,[18 41 42],[18],[41],15.56,3,2.9058941338612643
cbx_inhibitor_washout,sample_4,57,31.12,600,3.112,25,10,[],3,[ 1  3 46],[1],[3],15.56,3,3.3680722330602166
cbx_inhibitor_washout,sample_4,57,31.12,600,3.112,25,11,[],4,[10 14 43 44],[44],[10],21.784,4,1.9078650340183874
cbx_inhibitor_washout,sample_4,57,31.12,600,3.112,25,12,[],3,[ 5 10 43],[5],[10],31.12,3,1.0347069121718344
cbx_inhibitor_washout,sample_4,57,31.12,600,3.112,25,13,[],3,[26 41 47],[47],[26 41],18.672,3,1.831834987137162
cbx_inhibitor_washout,sample_4,57,31.12,600,3.112,25,14,[],3,[21 37 54],[37],[54],34.232,3,0.6309757363427664
cbx_inhibitor_washout,sample_4,57,31.12,600,3.112,25,15,[],3,[16 36 39],[36],[16],18.672,3,2.7276333414521066
cbx_inhibitor_washout,sample_4,57,31.12,600,3.112,25,16,[],3,[ 4 47 51],[51],[ 4 47 51],12.448,3,2.0283317828870584
cbx_inhibitor_washout,sample_4,57,31.12,600,3.112,25,17,[],3,[ 2 11 17],[17],[2],21.784,3,1.1640638726486048
cbx_inhibitor_washout,sample_4,57,31.12,600,3.112,25,18,[],3,[ 1  3 46],[46],[3],21.784,3,1.919411788392044
cbx_inhibitor_washout,sample_4,57,31.12,600,3.112,25,19,[],3,[15 16 38],[15 16],[38],12.448,3,3.8125294808201704
cbx_inhibitor_washout,sample_4,57,31.12,600,3.112,25,20,[],3,[10 14 44],[14],[44],31.12,3,1.1874057258944242
cbx_inhibitor_washout,sample_4,57,31.12,600,3.112,25,21,[],5,[ 1  3 22 27 48],[27],[22],31.12,5,1.0605085587173289
cbx_inhibitor_washout,sample_4,57,31.12,600,3.112,25,22,[],4,[ 1  3 28 41],[28],[3],21.784,4,0.8873196782437628
cbx_inhibitor_washout,sample_4,57,31.12,600,3.112,25,23,[],3,[ 4 26 41],[41],[ 4 26],15.56,3,1.6389523756874238
cbx_inhibitor_washout,sample_4,57,31.12,600,3.112,25,24,[],3,[ 3 22 29],[ 3 22 29],[29],18.672,4,0.9922680214756064
cbx_inhibitor_washout,sample_1,83,30.88,600,3.088,33,0,[],3,[ 6 11 12],[6],[12],40.144,3,0.43669163810996575
cbx_inhibitor_washout,sample_1,83,30.88,600,3.088,33,1,[],3,[ 8 14 56],[8],[14],33.968,3,0.8490902908856364
cbx_inhibitor_washout,sample_1,83,30.88,600,3.088,33,2,[],4,[19 22 47 55],[47],[22],27.792,4,0.5904998617491725
cbx_inhibitor_washout,sample_1,83,30.88,600,3.088,33,3,[],5,[ 7 13 30 32 47],[7],[47],49.408,5,1.302903269609355
cbx_inhibitor_washout,sample_1,83,30.88,600,3.088,33,4,[],4,[ 9 36 57 58],[36],[57],33.968,4,0.7933575094533069
cbx_inhibitor_washout,sample_1,83,30.88,600,3.088,33,5,[],3,[ 8 10 42],[42],[10],43.232,3,2.31803697543243
cbx_inhibitor_washout,sample_1,83,30.88,600,3.088,33,6,[],3,[12 52 53],[52],[12],33.968,3,0.9483160714497515
cbx_inhibitor_washout,sample_1,83,30.88,600,3.088,33,7,[],4,[42 54 55 56],[42],[56],55.584,4,0.9177737773331099
cbx_inhibitor_washout,sample_1,83,30.88,600,3.088,33,8,[],3,[26 27 78],[27],[26],24.704,3,1.1531028913872825
cbx_inhibitor_washout,sample_1,83,30.88,600,3.088,33,9,[],4,[ 9 36 57 58],[57],[58],33.968,4,1.78314386819197
cbx_inhibitor_washout,sample_1,83,30.88,600,3.088,33,10,[],3,[16 23 64],[16 64],[23],27.792,3,0.45802544223392994
cbx_inhibitor_washout,sample_1,83,30.88,600,3.088,33,11,[],3,[ 9 50 67],[50],[67],27.792,3,1.486306285313039
cbx_inhibitor_washout,sample_1,83,30.88,600,3.088,33,12,[],5,[ 2  5 33 41 72],[33 41],[5],21.616,5,2.637926058703658
cbx_inhibitor_washout,sample_1,83,30.88,600,3.088,33,13,[],3,[50 67 73],[67],[67],24.704,3,2.056225189431954
cbx_inhibitor_washout,sample_1,83,30.88,600,3.088,33,14,[],3,[16 18 26],[18],[16],18.528,3,2.3072413441572985
cbx_inhibitor_washout,sample_1,83,30.88,600,3.088,33,15,[],3,[17 21 45],[21],[17 21],18.528,3,0.8169073413184174
cbx_inhibitor_washout,sample_1,83,30.88,600,3.088,33,16,[],3,[ 9 35 58],[ 9 58],[35],40.144,3,1.6154021997770827
cbx_inhibitor_washout,sample_1,83,30.88,600,3.088,33,17,[],4,[ 2 36 37 72],[37],[36],24.704,4,1.2004059996745555
cbx_inhibitor_washout,sample_1,83,30.88,600,3.088,33,18,[],5,[50 51 67 73 81],[73 81],[67],40.144,6,1.6977057676156786
cbx_inhibitor_washout,sample_1,83,30.88,600,3.088,33,19,[],3,[10 47 54],[54],[47],21.616,3,1.6671269382444327
cbx_inhibitor_washout,sample_1,83,30.88,600,3.088,33,20,[],3,[18 26 27],[26 27],[18],24.704,3,0.34469923360851445
cbx_inhibitor_washout,sample_1,83,30.88,600,3.088,33,21,[],4,[36 57 58 61],[61],[36 58],21.616,4,1.6821829264862445
cbx_inhibitor_washout,sample_1,83,30.88,600,3.088,33,22,[],3,[33 37 41],[33 41],[37],21.616,3,1.15109982222562
cbx_inhibitor_washout,sample_1,83,30.88,600,3.088,33,23,[],3,[ 4 23 25],[4],[23],18.528,3,1.8111616325969186
cbx_inhibitor_washout,sample_1,83,30.88,600,3.088,33,24,[],4,[ 2 29 37 70],[37],[29],40.144,4,0.5743666630166812
cbx_inhibitor_washout,sample_1,83,30.88,600,3.088,33,25,[],3,[35 57 77],[35 77],[57],18.528,3,1.4943833035013498
cbx_inhibitor_washout,sample_1,83,30.88,600,3.088,33,26,[],5,[ 4 20 23 25 80],[80],[20 23],27.792,5,2.8268919140314916
cbx_inhibitor_washout,sample_1,83,30.88,600,3.088,33,27,[],4,[39 49 50 73],[49],[73],30.880000000000003,4,0.8445092294061225
cbx_inhibitor_washout,sample_1,83,30.88,600,3.088,33,28,[],4,[50 73 81 82],[82],[81],43.232,4,0.5931010094763621
cbx_inhibitor_washout,sample_1,83,30.88,600,3.088,33,29,[],3,[57 61 66],[61],[66],43.232,3,0.6447007725606441
cbx_inhibitor_washout,sample_1,83,30.88,600,3.088,33,30,[],3,[10 42 47],[42],[10 47],15.440000000000001,3,2.6503037342796487
cbx_inhibitor_washout,sample_1,83,30.88,600,3.088,33,31,[],3,[ 1 31 68],[1],[ 1 31],30.880000000000003,3,1.2484072782609226
cbx_inhibitor_washout,sample_1,83,30.88,600,3.088,33,32,[],3,[ 2 61 77],[2],[77],33.968,3,1.25588165434365
cbx_inhibitor_washout,sample_2,63,36.14,600,3.614,10,0,[],3,[ 5 19 30],[19 30],[ 5 19 30],10.841999999999999,3,3.195953975707121
cbx_inhibitor_washout,sample_2,63,36.14,600,3.614,10,1,[],3,[19 28 30],[19 30],[28],32.525999999999996,3,0.4339558486944849
cbx_inhibitor_washout,sample_2,63,36.14,600,3.614,10,2,[],5,[ 2 32 34 46 55],[46],[32],46.982,6,1.8673763147256488
cbx_inhibitor_washout,sample_2,63,36.14,600,3.614,10,3,[],3,[ 0 24 48],[ 0 48],[24],25.298,3,0.4960211392273154
cbx_inhibitor_washout,sample_2,63,36.14,600,3.614,10,4,[],5,[ 5 19 28 30 50],[5],[50],46.982,5,0.8838565232867732
cbx_inhibitor_washout,sample_2,63,36.14,600,3.614,10,5,[],3,[23 31 41],[23],[31 41],39.754,3,1.8500277140281352
cbx_inhibitor_washout,sample_2,63,36.14,600,3.614,10,6,[],3,[ 0 47 48],[47],[48],28.912,3,0.30926451944596367
cbx_inhibitor_washout,sample_2,63,36.14,600,3.614,10,7,[],3,[18 50 51],[50],[18],28.912,3,0.46457413693820093
cbx_inhibitor_washout,sample_2,63,36.14,600,3.614,10,8,[],3,[ 2 14 56],[56],[14],65.05199999999999,4,0.5567761228776029
cbx_inhibitor_washout,sample_2,63,36.14,600,3.614,10,9,[],3,[ 2  3 52],[52],[2],18.07,3,2.145189995231501
cbx_inhibitor_washout,sample_3,45,35.470000000000006,600,3.547,3,0,[],4,[ 1  2 11 12],[11],[2],31.923000000000002,4,0.5963800132542962
cbx_inhibitor_washout,sample_3,45,35.470000000000006,600,3.547,3,1,[],4,[ 1 11 12 15],[1],[15],24.829,4,0.8588910180800985
cbx_inhibitor_washout,sample_3,45,35.470000000000006,600,3.547,3,2,[],3,[ 1 11 15],[11],[15],21.282,3,1.1429450065602145
